category_id,film_id,actor_id,complete_name,title,release_year
6,1,1,PENELOPE GUINESS,ACADEMY DINOSAUR,2006
2,23,1,PENELOPE GUINESS,ANACONDA CONFESSIONS,2006
13,25,1,PENELOPE GUINESS,ANGELS LIFE,2006
10,106,1,PENELOPE GUINESS,BULWORTH COMMANDMENTS,2006
14,140,1,PENELOPE GUINESS,CHEAPER CLYDE,2006
4,166,1,PENELOPE GUINESS,COLOR PHILADELPHIA,2006
11,277,1,PENELOPE GUINESS,ELEPHANT TROJAN,2006
15,361,1,PENELOPE GUINESS,GLEAMING JAWBREAKER,2006
10,438,1,PENELOPE GUINESS,HUMAN GRAFFITI,2006
8,499,1,PENELOPE GUINESS,KING EVOLUTION,2006
11,506,1,PENELOPE GUINESS,LADY STAGE,2006
3,509,1,PENELOPE GUINESS,LANGUAGE COWBOY,2006
9,605,1,PENELOPE GUINESS,MULHOLLAND BEAST,2006
13,635,1,PENELOPE GUINESS,OKLAHOMA JUMANJI,2006
11,749,1,PENELOPE GUINESS,RULES HUMAN,2006
8,832,1,PENELOPE GUINESS,SPLASH GUMP,2006
5,939,1,PENELOPE GUINESS,VERTIGO NORTHWEST,2006
4,970,1,PENELOPE GUINESS,WESTWARD SEABISCUIT,2006
12,980,1,PENELOPE GUINESS,WIZARD COLDBLOODED,2006
6,3,2,NICK WAHLBERG,ADAPTATION HOLES,2006
8,31,2,NICK WAHLBERG,APACHE DIVINE,2006
9,47,2,NICK WAHLBERG,BABY HALL,2006
1,105,2,NICK WAHLBERG,BULL SHAWSHANK,2006
14,132,2,NICK WAHLBERG,CHAINSAW UPTOWN,2006
8,145,2,NICK WAHLBERG,CHISUM BEHAVIOR,2006
13,226,2,NICK WAHLBERG,DESTINY SATURDAY,2006
4,249,2,NICK WAHLBERG,DRACULA CRYSTAL,2006
2,314,2,NICK WAHLBERG,FIGHT JAWBREAKER,2006
13,321,2,NICK WAHLBERG,FLASH WARS,2006
4,357,2,NICK WAHLBERG,GILBERT PELICAN,2006
14,369,2,NICK WAHLBERG,GOODFELLAS SALUTE,2006
9,399,2,NICK WAHLBERG,HAPPINESS UNITED,2006
8,458,2,NICK WAHLBERG,INDIAN LOVE,2006
13,481,2,NICK WAHLBERG,JEKYLL FROGMEN,2006
3,485,2,NICK WAHLBERG,JERSEY SASSY,2006
16,518,2,NICK WAHLBERG,LIAISONS SWEET,2006
12,540,2,NICK WAHLBERG,LUCKY FLYING,2006
8,550,2,NICK WAHLBERG,MAGUIRE APACHE,2006
5,555,2,NICK WAHLBERG,MALLRATS UNITED,2006
13,561,2,NICK WAHLBERG,MASK PEACH,2006
10,742,2,NICK WAHLBERG,ROOF CHAMPION,2006
5,754,2,NICK WAHLBERG,RUSHMORE MERMAID,2006
16,811,2,NICK WAHLBERG,SMILE EARRING,2006
7,958,2,NICK WAHLBERG,WARDROBE PHANTOM,2006
12,17,3,ED CHASE,ALONE TRIP,2006
6,40,3,ED CHASE,ARMY FLINTSTONES,2006
15,42,3,ED CHASE,ARTIST COLDBLOODED,2006
16,87,3,ED CHASE,BOONDOCK BALLROOM,2006
1,111,3,ED CHASE,CADDYSHACK JEDI,2006
9,185,3,ED CHASE,COWBOY DOOM,2006
13,289,3,ED CHASE,EVE RESURRECTION,2006
1,329,3,ED CHASE,FORREST SONS,2006
6,336,3,ED CHASE,FRENCH HOLIDAY,2006
4,341,3,ED CHASE,FROST HEAD,2006
6,393,3,ED CHASE,HALLOWEEN NUTS,2006
6,441,3,ED CHASE,HUNTER ALTER,2006
15,453,3,ED CHASE,IMAGE PRINCESS,2006
4,480,3,ED CHASE,JEEPERS WEDDING,2006
7,539,3,ED CHASE,LUCK OPUS,2006
7,618,3,ED CHASE,NECKLACE OUTBREAK,2006
13,685,3,ED CHASE,PLATOON INSTINCT,2006
7,827,3,ED CHASE,SPICE SORORITY,2006
6,966,3,ED CHASE,WEDDING APOLLO,2006
14,967,3,ED CHASE,WEEKEND PERSONAL,2006
9,971,3,ED CHASE,WHALE BIKINI,2006
6,996,3,ED CHASE,YOUNG LANGUAGE,2006
2,23,4,JENNIFER DAVIS,ANACONDA CONFESSIONS,2006
13,25,4,JENNIFER DAVIS,ANGELS LIFE,2006
1,56,4,JENNIFER DAVIS,BAREFOOT MANCHURIAN,2006
6,62,4,JENNIFER DAVIS,BED HIGHBALL,2006
7,79,4,JENNIFER DAVIS,BLADE POLISH,2006
16,87,4,JENNIFER DAVIS,BOONDOCK BALLROOM,2006
2,355,4,JENNIFER DAVIS,GHOSTBUSTERS ELF,2006
7,379,4,JENNIFER DAVIS,GREEDY ROOTS,2006
12,398,4,JENNIFER DAVIS,HANOVER GALAXY,2006
15,463,4,JENNIFER DAVIS,INSTINCT AIRPORT,2006
13,490,4,JENNIFER DAVIS,JUMANJI BLADE,2006
6,616,4,JENNIFER DAVIS,NATIONAL STORY,2006
13,635,4,JENNIFER DAVIS,OKLAHOMA JUMANJI,2006
15,691,4,JENNIFER DAVIS,POSEIDON FOREVER,2006
6,712,4,JENNIFER DAVIS,RAIDERS ANTITRUST,2006
14,714,4,JENNIFER DAVIS,RANDOM GO,2006
12,721,4,JENNIFER DAVIS,REDS POCUS,2006
14,798,4,JENNIFER DAVIS,SILVERADO GOLDFINGER,2006
8,832,4,JENNIFER DAVIS,SPLASH GUMP,2006
5,858,4,JENNIFER DAVIS,SUBMARINE BED,2006
11,909,4,JENNIFER DAVIS,TREASURE COMMAND,2006
14,924,4,JENNIFER DAVIS,UNFORGIVEN ZOOLANDER,2006
1,19,5,JOHNNY LOLLOBRIGIDA,AMADEUS HOLY,2006
12,54,5,JOHNNY LOLLOBRIGIDA,BANGER PINOCCHIO,2006
6,85,5,JOHNNY LOLLOBRIGIDA,BONNIE HOLOCAUST,2006
7,146,5,JOHNNY LOLLOBRIGIDA,CHITTY LOCK,2006
11,171,5,JOHNNY LOLLOBRIGIDA,COMMANDMENTS EXPRESS,2006
7,172,5,JOHNNY LOLLOBRIGIDA,CONEHEADS SMOOCHY,2006
5,202,5,JOHNNY LOLLOBRIGIDA,DADDY PITTSBURGH,2006
14,203,5,JOHNNY LOLLOBRIGIDA,DAISY MENAGERIE,2006
16,286,5,JOHNNY LOLLOBRIGIDA,ENOUGH RAGING,2006
16,288,5,JOHNNY LOLLOBRIGIDA,ESCAPE METROPOLIS,2006
10,316,5,JOHNNY LOLLOBRIGIDA,FIRE WOLVES,2006
13,340,5,JOHNNY LOLLOBRIGIDA,FRONTIER CABIN,2006
14,369,5,JOHNNY LOLLOBRIGIDA,GOODFELLAS SALUTE,2006
1,375,5,JOHNNY LOLLOBRIGIDA,GRAIL FRANKENSTEIN,2006
15,383,5,JOHNNY LOLLOBRIGIDA,GROOVE FICTION,2006
3,392,5,JOHNNY LOLLOBRIGIDA,HALL CASSIDY,2006
12,411,5,JOHNNY LOLLOBRIGIDA,HEAVENLY GUN,2006
15,503,5,JOHNNY LOLLOBRIGIDA,KRAMER CHOCOLATE,2006
11,535,5,JOHNNY LOLLOBRIGIDA,LOVE SUICIDES,2006
6,571,5,JOHNNY LOLLOBRIGIDA,METAL ARMAGEDDON,2006
6,650,5,JOHNNY LOLLOBRIGIDA,PACIFIC AMISTAD,2006
11,665,5,JOHNNY LOLLOBRIGIDA,PATTON INTERVIEW,2006
6,687,5,JOHNNY LOLLOBRIGIDA,POCUS PULP,2006
13,730,5,JOHNNY LOLLOBRIGIDA,RIDGEMONT SUBMARINE,2006
1,732,5,JOHNNY LOLLOBRIGIDA,RINGS HEARTBREAKERS,2006
16,811,5,JOHNNY LOLLOBRIGIDA,SMILE EARRING,2006
14,817,5,JOHNNY LOLLOBRIGIDA,SOLDIERS EVOLUTION,2006
15,841,5,JOHNNY LOLLOBRIGIDA,STAR OPERATION,2006
2,865,5,JOHNNY LOLLOBRIGIDA,SUNRISE LEAGUE,2006
1,29,6,BETTE NICHOLSON,ANTITRUST TOMATOES,2006
8,53,6,BETTE NICHOLSON,BANG KWAI,2006
4,60,6,BETTE NICHOLSON,BEAST HUNCHBACK,2006
2,70,6,BETTE NICHOLSON,BIKINI BORROWERS,2006
9,112,6,BETTE NICHOLSON,CALENDAR GUNFIGHT,2006
6,164,6,BETTE NICHOLSON,COAST RAINBOW,2006
14,165,6,BETTE NICHOLSON,COLDBLOODED DARLING,2006
2,193,6,BETTE NICHOLSON,CROSSROADS CASUALTIES,2006
15,256,6,BETTE NICHOLSON,DROP WATERFRONT,2006
16,451,6,BETTE NICHOLSON,IGBY MAKER,2006
15,503,6,BETTE NICHOLSON,KRAMER CHOCOLATE,2006
3,509,6,BETTE NICHOLSON,LANGUAGE COWBOY,2006
15,517,6,BETTE NICHOLSON,LESSON CLEOPATRA,2006
15,519,6,BETTE NICHOLSON,LIBERTY MAGNIFICENT,2006
9,605,6,BETTE NICHOLSON,MULHOLLAND BEAST,2006
2,692,6,BETTE NICHOLSON,POTLUCK MIXED,2006
16,826,6,BETTE NICHOLSON,SPEED SUIT,2006
2,892,6,BETTE NICHOLSON,TITANIC BOONDOCK,2006
15,902,6,BETTE NICHOLSON,TRADING PINOCCHIO,2006
13,994,6,BETTE NICHOLSON,WYOMING STORM,2006
13,25,7,GRACE MOSTEL,ANGELS LIFE,2006
15,27,7,GRACE MOSTEL,ANONYMOUS HUMAN,2006
11,35,7,GRACE MOSTEL,ARACHNOPHOBIA ROLLERCOASTER,2006
1,67,7,GRACE MOSTEL,BERETS AGENT,2006
13,96,7,GRACE MOSTEL,BREAKING HOME,2006
9,170,7,GRACE MOSTEL,COMMAND DARLING,2006
7,173,7,GRACE MOSTEL,CONFESSIONS MAGUIRE,2006
10,217,7,GRACE MOSTEL,DAZED PUNK,2006
7,218,7,GRACE MOSTEL,DECEIVER BETRAYED,2006
7,225,7,GRACE MOSTEL,DESTINATION JERK,2006
1,292,7,GRACE MOSTEL,EXCITEMENT EVE,2006
11,351,7,GRACE MOSTEL,GASLIGHT CRUSADE,2006
9,414,7,GRACE MOSTEL,HELLFIGHTERS SIERRA,2006
15,463,7,GRACE MOSTEL,INSTINCT AIRPORT,2006
4,554,7,GRACE MOSTEL,MALKOVICH PET,2006
7,618,7,GRACE MOSTEL,NECKLACE OUTBREAK,2006
4,633,7,GRACE MOSTEL,OCTOBER SUBMARINE,2006
14,637,7,GRACE MOSTEL,OPEN AFRICAN,2006
15,691,7,GRACE MOSTEL,POSEIDON FOREVER,2006
7,758,7,GRACE MOSTEL,SAINTS BRIDE,2006
7,766,7,GRACE MOSTEL,SAVANNAH TOWN,2006
9,770,7,GRACE MOSTEL,SCISSORHANDS SLUMS,2006
2,805,7,GRACE MOSTEL,SLEEPLESS MONSOON,2006
13,806,7,GRACE MOSTEL,SLEEPY JAPANESE,2006
13,846,7,GRACE MOSTEL,STING PERSONAL,2006
9,900,7,GRACE MOSTEL,TOWN ARK,2006
2,901,7,GRACE MOSTEL,TRACY CIDER,2006
7,910,7,GRACE MOSTEL,TREATMENT JEKYLL,2006
9,957,7,GRACE MOSTEL,WAR NOTTING,2006
3,959,7,GRACE MOSTEL,WARLOCK WEREWOLF,2006
9,47,8,MATTHEW JOHANSSON,BABY HALL,2006
1,115,8,MATTHEW JOHANSSON,CAMPUS REMEMBER,2006
12,158,8,MATTHEW JOHANSSON,CLONES PINOCCHIO,2006
7,179,8,MATTHEW JOHANSSON,CONQUERER NUTS,2006
14,195,8,MATTHEW JOHANSSON,CROWDS TELEMARK,2006
1,205,8,MATTHEW JOHANSSON,DANCES NONE,2006
12,255,8,MATTHEW JOHANSSON,DRIVING POLISH,2006
15,263,8,MATTHEW JOHANSSON,DURHAM PANKY,2006
13,321,8,MATTHEW JOHANSSON,FLASH WARS,2006
7,396,8,MATTHEW JOHANSSON,HANGING DEEP,2006
8,458,8,MATTHEW JOHANSSON,INDIAN LOVE,2006
4,523,8,MATTHEW JOHANSSON,LIGHTS DEER,2006
15,532,8,MATTHEW JOHANSSON,LOSER HUSTLER,2006
4,554,8,MATTHEW JOHANSSON,MALKOVICH PET,2006
12,752,8,MATTHEW JOHANSSON,RUNNER MADIGAN,2006
9,769,8,MATTHEW JOHANSSON,SCHOOL JACKET,2006
7,771,8,MATTHEW JOHANSSON,SCORPION APOLLO,2006
2,859,8,MATTHEW JOHANSSON,SUGAR WONKA,2006
4,895,8,MATTHEW JOHANSSON,TOMORROW HUSTLER,2006
12,936,8,MATTHEW JOHANSSON,VANISHING ROCKY,2006
11,30,9,JOE SWANK,ANYTHING SAVANNAH,2006
12,74,9,JOE SWANK,BIRCH ANTITRUST,2006
8,147,9,JOE SWANK,CHOCOLAT HARRY,2006
9,148,9,JOE SWANK,CHOCOLATE DUCK,2006
3,191,9,JOE SWANK,CROOKED FROGMEN,2006
10,200,9,JOE SWANK,CURTAIN VIDEOTAPE,2006
7,204,9,JOE SWANK,DALMATIONS SWEDEN,2006
16,434,9,JOE SWANK,HORROR REIGN,2006
2,510,9,JOE SWANK,LAWLESS VISION,2006
7,514,9,JOE SWANK,LEBOWSKI SOLDIERS,2006
6,552,9,JOE SWANK,MAJESTIC FLOATS,2006
6,650,9,JOE SWANK,PACIFIC AMISTAD,2006
15,671,9,JOE SWANK,PERDITION FARGO,2006
1,697,9,JOE SWANK,PRIMARY GLASS,2006
11,722,9,JOE SWANK,REEF SALUTE,2006
12,752,9,JOE SWANK,RUNNER MADIGAN,2006
16,811,9,JOE SWANK,SMILE EARRING,2006
4,815,9,JOE SWANK,SNATCHERS MONTEZUMA,2006
2,865,9,JOE SWANK,SUNRISE LEAGUE,2006
3,873,9,JOE SWANK,SWEETHEARTS SUSPECTS,2006
3,889,9,JOE SWANK,TIES HUNGER,2006
16,903,9,JOE SWANK,TRAFFIC HOBBIT,2006
6,926,9,JOE SWANK,UNTOUCHABLES SUNRISE,2006
1,964,9,JOE SWANK,WATERFRONT DELIVERANCE,2006
13,974,9,JOE SWANK,WILD APOLLO,2006
6,1,10,CHRISTIAN GABLE,ACADEMY DINOSAUR,2006
11,9,10,CHRISTIAN GABLE,ALABAMA DEVIL,2006
3,191,10,CHRISTIAN GABLE,CROOKED FROGMEN,2006
10,236,10,CHRISTIAN GABLE,DIVINE RESURRECTION,2006
13,251,10,CHRISTIAN GABLE,DRAGONFLY STRANGERS,2006
7,366,10,CHRISTIAN GABLE,GOLDFINGER SENSIBILITY,2006
12,477,10,CHRISTIAN GABLE,JAWBREAKER BROOKLYN,2006
4,480,10,CHRISTIAN GABLE,JEEPERS WEDDING,2006
5,522,10,CHRISTIAN GABLE,LIFE TWISTED,2006
1,530,10,CHRISTIAN GABLE,LORD ARIZONA,2006
6,587,10,CHRISTIAN GABLE,MOD SECRETARY,2006
4,694,10,CHRISTIAN GABLE,PREJUDICE OLEANDER,2006
2,703,10,CHRISTIAN GABLE,PUNK DIVORCE,2006
11,716,10,CHRISTIAN GABLE,REAP UNFAITHFUL,2006
15,782,10,CHRISTIAN GABLE,SHAKESPEARE SADDLE,2006
16,914,10,CHRISTIAN GABLE,TROUBLE DATE,2006
9,929,10,CHRISTIAN GABLE,USUAL UNTOUCHABLES,2006
14,930,10,CHRISTIAN GABLE,VACATION BOONDOCK,2006
1,964,10,CHRISTIAN GABLE,WATERFRONT DELIVERANCE,2006
6,966,10,CHRISTIAN GABLE,WEDDING APOLLO,2006
12,980,10,CHRISTIAN GABLE,WIZARD COLDBLOODED,2006
12,983,10,CHRISTIAN GABLE,WON DARES,2006
2,118,11,ZERO CAGE,CANYON STOCK,2006
1,205,11,ZERO CAGE,DANCES NONE,2006
10,281,11,ZERO CAGE,ENCINO ELF,2006
13,283,11,ZERO CAGE,ENDING CROWDS,2006
8,348,11,ZERO CAGE,GANDHI KWAI,2006
13,364,11,ZERO CAGE,GODFATHER DIARY,2006
1,395,11,ZERO CAGE,HANDICAP BOONDOCK,2006
15,429,11,ZERO CAGE,HONEY TIES,2006
2,433,11,ZERO CAGE,HORN WORKING,2006
15,453,11,ZERO CAGE,IMAGE PRINCESS,2006
3,485,11,ZERO CAGE,JERSEY SASSY,2006
15,532,11,ZERO CAGE,LOSER HUSTLER,2006
9,567,11,ZERO CAGE,MEET CHOCOLATE,2006
6,587,11,ZERO CAGE,MOD SECRETARY,2006
10,597,11,ZERO CAGE,MOONWALKER FOOL,2006
12,636,11,ZERO CAGE,OLEANDER CLUE,2006
7,709,11,ZERO CAGE,RACER EGG,2006
1,850,11,ZERO CAGE,STORY SIDE,2006
11,854,11,ZERO CAGE,STRANGERS GRAFFITI,2006
6,888,11,ZERO CAGE,THIN SAGEBRUSH,2006
3,896,11,ZERO CAGE,TOOTSIE PILOT,2006
3,928,11,ZERO CAGE,UPTOWN YOUNG,2006
5,938,11,ZERO CAGE,VELVET TERMINATOR,2006
7,969,11,ZERO CAGE,WEST LION,2006
16,988,11,ZERO CAGE,WORKER TARZAN,2006
9,16,12,KARL BERRY,ALLEY EVOLUTION,2006
12,17,12,KARL BERRY,ALONE TRIP,2006
11,34,12,KARL BERRY,ARABIA DOGMA,2006
4,37,12,KARL BERRY,ARIZONA BANG,2006
4,91,12,KARL BERRY,BOUND CHEAPER,2006
11,92,12,KARL BERRY,BOWFINGER GABLES,2006
7,107,12,KARL BERRY,BUNCH MINDS,2006
13,155,12,KARL BERRY,CLEOPATRA DEVIL,2006
14,177,12,KARL BERRY,CONNECTICUT TRAMP,2006
2,208,12,KARL BERRY,DARES PLUTO,2006
8,213,12,KARL BERRY,DATE SPEED,2006
13,216,12,KARL BERRY,DAY UNFAITHFUL,2006
2,243,12,KARL BERRY,DOORS PRESIDENT,2006
3,344,12,KARL BERRY,FURY MURDER,2006
6,400,12,KARL BERRY,HARDLY ROBBERS,2006
9,416,12,KARL BERRY,HIGHBALL POTTER,2006
15,420,12,KARL BERRY,HOLES BRANNIGAN,2006
6,457,12,KARL BERRY,INDEPENDENCE HOTEL,2006
16,513,12,KARL BERRY,LEATHERNECKS DWARFS,2006
12,540,12,KARL BERRY,LUCKY FLYING,2006
11,593,12,KARL BERRY,MONTEREY LABYRINTH,2006
15,631,12,KARL BERRY,NOVOCAINE FLIGHT,2006
13,635,12,KARL BERRY,OKLAHOMA JUMANJI,2006
5,672,12,KARL BERRY,PERFECT GROOVE,2006
11,716,12,KARL BERRY,REAP UNFAITHFUL,2006
7,728,12,KARL BERRY,REUNION WITCHES,2006
6,812,12,KARL BERRY,SMOKING BARBARELLA,2006
1,838,12,KARL BERRY,STAGECOACH ARMAGEDDON,2006
5,871,12,KARL BERRY,SWEDEN SHINING,2006
2,880,12,KARL BERRY,TELEMARK HEARTBREAKERS,2006
6,945,12,KARL BERRY,VIRGINIAN PLUTO,2006
12,17,13,UMA WOOD,ALONE TRIP,2006
1,29,13,UMA WOOD,ANTITRUST TOMATOES,2006
13,45,13,UMA WOOD,ATTRACTION NEWTON,2006
16,87,13,UMA WOOD,BOONDOCK BALLROOM,2006
3,110,13,UMA WOOD,CABIN FLASH,2006
13,144,13,UMA WOOD,CHINATOWN GLADIATOR,2006
2,154,13,UMA WOOD,CLASH FREDDY,2006
1,162,13,UMA WOOD,CLUELESS BUCKET,2006
14,203,13,UMA WOOD,DAISY MENAGERIE,2006
15,254,13,UMA WOOD,DRIVER ANNIE,2006
9,337,13,UMA WOOD,FRIDA SLIPPER,2006
4,346,13,UMA WOOD,GALAXY SWEETHEARTS,2006
10,381,13,UMA WOOD,GRINCH MASSAGE,2006
5,385,13,UMA WOOD,GROUNDHOG UNCUT,2006
6,427,13,UMA WOOD,HOMEWARD CIDER,2006
2,456,13,UMA WOOD,INCH JET,2006
16,513,13,UMA WOOD,LEATHERNECKS DWARFS,2006
3,515,13,UMA WOOD,LEGALLY SECRETARY,2006
5,522,13,UMA WOOD,LIFE TWISTED,2006
5,524,13,UMA WOOD,LION UNCUT,2006
8,528,13,UMA WOOD,LOLITA WORLD,2006
6,571,13,UMA WOOD,METAL ARMAGEDDON,2006
3,588,13,UMA WOOD,MODEL FISH,2006
10,597,13,UMA WOOD,MOONWALKER FOOL,2006
11,600,13,UMA WOOD,MOTIONS DETAILS,2006
12,718,13,UMA WOOD,REBEL AIRPORT,2006
15,729,13,UMA WOOD,RIDER CADDYSHACK,2006
2,816,13,UMA WOOD,SNOWMAN ROLLERCOASTER,2006
14,817,13,UMA WOOD,SOLDIERS EVOLUTION,2006
8,832,13,UMA WOOD,SPLASH GUMP,2006
3,833,13,UMA WOOD,SPLENDOR PATTON,2006
4,843,13,UMA WOOD,STEEL SANTA,2006
7,897,13,UMA WOOD,TORQUE BOUND,2006
6,966,13,UMA WOOD,WEDDING APOLLO,2006
11,998,13,UMA WOOD,ZHIVAGO CORE,2006
2,154,14,VIVIEN BERGEN,CLASH FREDDY,2006
15,187,14,VIVIEN BERGEN,CRANES RESERVOIR,2006
10,232,14,VIVIEN BERGEN,DIRTY ACE,2006
2,241,14,VIVIEN BERGEN,DONNIE ALLEY,2006
1,253,14,VIVIEN BERGEN,DRIFTER COMMANDMENTS,2006
12,255,14,VIVIEN BERGEN,DRIVING POLISH,2006
11,258,14,VIVIEN BERGEN,DRUMS DYNAMITE,2006
12,284,14,VIVIEN BERGEN,ENEMY ODDS,2006
1,292,14,VIVIEN BERGEN,EXCITEMENT EVE,2006
3,370,14,VIVIEN BERGEN,GORGEOUS BINGO,2006
11,415,14,VIVIEN BERGEN,HIGH ENCINO,2006
1,417,14,VIVIEN BERGEN,HILLS NEIGHBORS,2006
7,418,14,VIVIEN BERGEN,HOBBIT ALIEN,2006
12,454,14,VIVIEN BERGEN,IMPACT ALADDIN,2006
16,472,14,VIVIEN BERGEN,ITALIAN AFRICAN,2006
11,475,14,VIVIEN BERGEN,JAPANESE RUN,2006
11,495,14,VIVIEN BERGEN,KENTUCKIAN GIANT,2006
4,536,14,VIVIEN BERGEN,LOVELY JINGLE,2006
4,537,14,VIVIEN BERGEN,LOVER TRUMAN,2006
15,612,14,VIVIEN BERGEN,MUSSOLINI SPOILERS,2006
3,688,14,VIVIEN BERGEN,POLISH BROOKLYN,2006
13,759,14,VIVIEN BERGEN,SALUTE APOLLO,2006
15,764,14,VIVIEN BERGEN,SATURDAY LAMBS,2006
13,847,14,VIVIEN BERGEN,STOCK GLASS,2006
11,856,14,VIVIEN BERGEN,STREETCAR INTENTIONS,2006
15,890,14,VIVIEN BERGEN,TIGHTS DAWN,2006
9,908,14,VIVIEN BERGEN,TRAP GUYS,2006
10,919,14,VIVIEN BERGEN,TYCOON GATHERING,2006
13,948,14,VIVIEN BERGEN,VOICE PEACH,2006
4,970,14,VIVIEN BERGEN,WESTWARD SEABISCUIT,2006
8,31,15,CUBA OLIVIER,APACHE DIVINE,2006
2,89,15,CUBA OLIVIER,BORROWERS BEDAZZLED,2006
4,91,15,CUBA OLIVIER,BOUND CHEAPER,2006
13,108,15,CUBA OLIVIER,BUTCH PANTHER,2006
16,125,15,CUBA OLIVIER,CASSIDY WYOMING,2006
10,236,15,CUBA OLIVIER,DIVINE RESURRECTION,2006
11,275,15,CUBA OLIVIER,EGYPT TENENBAUMS,2006
3,280,15,CUBA OLIVIER,EMPIRE MALKOVICH,2006
2,326,15,CUBA OLIVIER,FLYING HOOK,2006
16,342,15,CUBA OLIVIER,FUGITIVE MAGUIRE,2006
9,414,15,CUBA OLIVIER,HELLFIGHTERS SIERRA,2006
4,445,15,CUBA OLIVIER,HYDE DOCTOR,2006
9,500,15,CUBA OLIVIER,KISS GLORY,2006
5,502,15,CUBA OLIVIER,KNOCK WARLOCK,2006
2,541,15,CUBA OLIVIER,LUKE MUMMY,2006
3,553,15,CUBA OLIVIER,MAKER GABLES,2006
1,594,15,CUBA OLIVIER,MONTEZUMA COMMAND,2006
3,626,15,CUBA OLIVIER,NOON PAPI,2006
13,635,15,CUBA OLIVIER,OKLAHOMA JUMANJI,2006
15,745,15,CUBA OLIVIER,ROSES TREASURE,2006
16,783,15,CUBA OLIVIER,SHANE DARKNESS,2006
8,795,15,CUBA OLIVIER,SIEGE MADRE,2006
14,817,15,CUBA OLIVIER,SOLDIERS EVOLUTION,2006
2,886,15,CUBA OLIVIER,THEORY MERMAID,2006
14,924,15,CUBA OLIVIER,UNFORGIVEN ZOOLANDER,2006
10,949,15,CUBA OLIVIER,VOLCANO TEXAS,2006
1,968,15,CUBA OLIVIER,WEREWOLF LOLA,2006
14,985,15,CUBA OLIVIER,WONDERLAND CHRISTMAS,2006
8,80,16,FRED COSTNER,BLANKET BEVERLY,2006
16,87,16,FRED COSTNER,BOONDOCK BALLROOM,2006
6,101,16,FRED COSTNER,BROTHERHOOD BLANKET,2006
2,121,16,FRED COSTNER,CAROL TEXAS,2006
13,155,16,FRED COSTNER,CLEOPATRA DEVIL,2006
14,177,16,FRED COSTNER,CONNECTICUT TRAMP,2006
7,218,16,FRED COSTNER,DECEIVER BETRAYED,2006
6,221,16,FRED COSTNER,DELIVERANCE MULHOLLAND,2006
13,267,16,FRED COSTNER,EAGLES PANKY,2006
8,269,16,FRED COSTNER,EARRING INSTINCT,2006
1,271,16,FRED COSTNER,EASY GLADIATOR,2006
3,280,16,FRED COSTNER,EMPIRE MALKOVICH,2006
1,287,16,FRED COSTNER,ENTRAPMENT SATISFACTION,2006
8,345,16,FRED COSTNER,GABLES METROPOLIS,2006
10,438,16,FRED COSTNER,HUMAN GRAFFITI,2006
15,453,16,FRED COSTNER,IMAGE PRINCESS,2006
9,455,16,FRED COSTNER,IMPOSSIBLE PREJUDICE,2006
2,456,16,FRED COSTNER,INCH JET,2006
15,503,16,FRED COSTNER,KRAMER CHOCOLATE,2006
4,548,16,FRED COSTNER,MAGNIFICENT CHITTY,2006
2,582,16,FRED COSTNER,MIRACLE VIRTUAL,2006
2,583,16,FRED COSTNER,MISSION ZOOLANDER,2006
1,717,16,FRED COSTNER,REAR TRADING,2006
7,758,16,FRED COSTNER,SAINTS BRIDE,2006
15,779,16,FRED COSTNER,SENSE GREEK,2006
2,886,16,FRED COSTNER,THEORY MERMAID,2006
14,967,16,FRED COSTNER,WEEKEND PERSONAL,2006
13,96,17,HELEN VOIGHT,BREAKING HOME,2006
5,119,17,HELEN VOIGHT,CAPER MOTIONS,2006
3,124,17,HELEN VOIGHT,CASPER DRAGONFLY,2006
5,127,17,HELEN VOIGHT,CAT CONEHEADS,2006
2,154,17,HELEN VOIGHT,CLASH FREDDY,2006
6,199,17,HELEN VOIGHT,CUPBOARD SINNERS,2006
9,201,17,HELEN VOIGHT,CYCLONE FAMILY,2006
10,236,17,HELEN VOIGHT,DIVINE RESURRECTION,2006
3,280,17,HELEN VOIGHT,EMPIRE MALKOVICH,2006
10,310,17,HELEN VOIGHT,FEVER EMPIRE,2006
11,313,17,HELEN VOIGHT,FIDELITY DEVIL,2006
12,378,17,HELEN VOIGHT,GREATEST NORTH,2006
6,457,17,HELEN VOIGHT,INDEPENDENCE HOTEL,2006
4,469,17,HELEN VOIGHT,IRON MOON,2006
5,478,17,HELEN VOIGHT,JAWS HARRY,2006
9,500,17,HELEN VOIGHT,KISS GLORY,2006
3,515,17,HELEN VOIGHT,LEGALLY SECRETARY,2006
7,521,17,HELEN VOIGHT,LIES TREATMENT,2006
3,573,17,HELEN VOIGHT,MICROCOSMOS PARADISE,2006
8,603,17,HELEN VOIGHT,MOVIE SHAKESPEARE,2006
15,606,17,HELEN VOIGHT,MUMMY CREATURES,2006
6,734,17,HELEN VOIGHT,ROAD ROXANNE,2006
9,770,17,HELEN VOIGHT,SCISSORHANDS SLUMS,2006
1,794,17,HELEN VOIGHT,SIDE ARK,2006
11,800,17,HELEN VOIGHT,SINNERS ATLANTIS,2006
3,853,17,HELEN VOIGHT,STRANGER STRANGERS,2006
3,873,17,HELEN VOIGHT,SWEETHEARTS SUSPECTS,2006
4,874,17,HELEN VOIGHT,TADPOLE PARK,2006
2,880,17,HELEN VOIGHT,TELEMARK HEARTBREAKERS,2006
13,948,17,HELEN VOIGHT,VOICE PEACH,2006
9,957,17,HELEN VOIGHT,WAR NOTTING,2006
3,959,17,HELEN VOIGHT,WARLOCK WEREWOLF,2006
14,44,18,DAN TORN,ATTACKS HATE,2006
16,84,18,DAN TORN,BOILED DARES,2006
13,144,18,DAN TORN,CHINATOWN GLADIATOR,2006
7,172,18,DAN TORN,CONEHEADS SMOOCHY,2006
2,268,18,DAN TORN,EARLY HOME,2006
15,279,18,DAN TORN,ELIZABETH SHANE,2006
3,280,18,DAN TORN,EMPIRE MALKOVICH,2006
13,321,18,DAN TORN,FLASH WARS,2006
16,386,18,DAN TORN,GUMP DATE,2006
9,460,18,DAN TORN,INNOCENT USUAL,2006
12,462,18,DAN TORN,INSIDER ARIZONA,2006
4,484,18,DAN TORN,JERK PAYCHECK,2006
4,536,18,DAN TORN,LOVELY JINGLE,2006
13,561,18,DAN TORN,MASK PEACH,2006
15,612,18,DAN TORN,MUSSOLINI SPOILERS,2006
1,717,18,DAN TORN,REAR TRADING,2006
4,808,18,DAN TORN,SLING LUKE,2006
10,842,18,DAN TORN,STATE WASTELAND,2006
14,863,18,DAN TORN,SUN CONFESSIONS,2006
3,883,18,DAN TORN,TEQUILA PAST,2006
15,917,18,DAN TORN,TUXEDO MILE,2006
7,944,18,DAN TORN,VIRGIN DAISY,2006
11,2,19,BOB FAWCETT,ACE GOLDFINGER,2006
6,3,19,BOB FAWCETT,ADAPTATION HOLES,2006
13,144,19,BOB FAWCETT,CHINATOWN GLADIATOR,2006
3,152,19,BOB FAWCETT,CIRCUS YOUTH,2006
5,182,19,BOB FAWCETT,CONTROL ANTHEM,2006
2,208,19,BOB FAWCETT,DARES PLUTO,2006
1,212,19,BOB FAWCETT,DARN FORRESTER,2006
10,217,19,BOB FAWCETT,DAZED PUNK,2006
4,266,19,BOB FAWCETT,DYNAMITE TARZAN,2006
5,404,19,BOB FAWCETT,HATE HANDICAP,2006
8,428,19,BOB FAWCETT,HOMICIDE PEACH,2006
7,473,19,BOB FAWCETT,JACKET FRISCO,2006
13,490,19,BOB FAWCETT,JUMANJI BLADE,2006
2,510,19,BOB FAWCETT,LAWLESS VISION,2006
16,513,19,BOB FAWCETT,LEATHERNECKS DWARFS,2006
2,644,19,BOB FAWCETT,OSCAR GOLD,2006
6,670,19,BOB FAWCETT,PELICAN COMFORTS,2006
12,673,19,BOB FAWCETT,PERSONAL LADYBUGS,2006
14,711,19,BOB FAWCETT,RAGING AIRPLANE,2006
13,750,19,BOB FAWCETT,RUN PACIFIC,2006
12,752,19,BOB FAWCETT,RUNNER MADIGAN,2006
5,756,19,BOB FAWCETT,SADDLE ANTITRUST,2006
7,771,19,BOB FAWCETT,SCORPION APOLLO,2006
16,785,19,BOB FAWCETT,SHAWSHANK BUBBLE,2006
12,877,19,BOB FAWCETT,TAXI KICK,2006
6,1,20,LUCILLE TRACY,ACADEMY DINOSAUR,2006
12,54,20,LUCILLE TRACY,BANGER PINOCCHIO,2006
8,63,20,LUCILLE TRACY,BEDAZZLED MARRIED,2006
14,140,20,LUCILLE TRACY,CHEAPER CLYDE,2006
7,146,20,LUCILLE TRACY,CHITTY LOCK,2006
14,165,20,LUCILLE TRACY,COLDBLOODED DARLING,2006
8,231,20,LUCILLE TRACY,DINOSAUR SECRETARY,2006
2,243,20,LUCILLE TRACY,DOORS PRESIDENT,2006
8,269,20,LUCILLE TRACY,EARRING INSTINCT,2006
6,274,20,LUCILLE TRACY,EGG IGBY,2006
8,348,20,LUCILLE TRACY,GANDHI KWAI,2006
7,366,20,LUCILLE TRACY,GOLDFINGER SENSIBILITY,2006
4,445,20,LUCILLE TRACY,HYDE DOCTOR,2006
5,478,20,LUCILLE TRACY,JAWS HARRY,2006
13,492,20,LUCILLE TRACY,JUNGLE CLOSER,2006
8,499,20,LUCILLE TRACY,KING EVOLUTION,2006
11,527,20,LUCILLE TRACY,LOLA AGENT,2006
9,531,20,LUCILLE TRACY,LOSE INCH,2006
13,538,20,LUCILLE TRACY,LOVERBOY ATTACKS,2006
6,589,20,LUCILLE TRACY,MODERN DORADO,2006
7,643,20,LUCILLE TRACY,ORIENT CLOSER,2006
4,652,20,LUCILLE TRACY,PAJAMA JAWBREAKER,2006
4,663,20,LUCILLE TRACY,PATIENT SISTER,2006
14,714,20,LUCILLE TRACY,RANDOM GO,2006
1,717,20,LUCILLE TRACY,REAR TRADING,2006
6,757,20,LUCILLE TRACY,SAGEBRUSH CLUELESS,2006
16,784,20,LUCILLE TRACY,SHANGHAI TYCOON,2006
14,863,20,LUCILLE TRACY,SUN CONFESSIONS,2006
4,962,20,LUCILLE TRACY,WASTELAND DIVINE,2006
16,977,20,LUCILLE TRACY,WINDOW SIDE,2006
9,6,21,KIRSTEN PALTROW,AGENT TRUMAN,2006
16,87,21,KIRSTEN PALTROW,BOONDOCK BALLROOM,2006
16,88,21,KIRSTEN PALTROW,BORN SPINAL,2006
6,142,21,KIRSTEN PALTROW,CHICKEN HELLFIGHTERS,2006
5,159,21,KIRSTEN PALTROW,CLOSER BANG,2006
7,179,21,KIRSTEN PALTROW,CONQUERER NUTS,2006
1,253,21,KIRSTEN PALTROW,DRIFTER COMMANDMENTS,2006
10,281,21,KIRSTEN PALTROW,ENCINO ELF,2006
13,321,21,KIRSTEN PALTROW,FLASH WARS,2006
12,398,21,KIRSTEN PALTROW,HANOVER GALAXY,2006
12,426,21,KIRSTEN PALTROW,HOME PITY,2006
15,429,21,KIRSTEN PALTROW,HONEY TIES,2006
6,497,21,KIRSTEN PALTROW,KILL BROTHERHOOD,2006
10,507,21,KIRSTEN PALTROW,LADYBUGS ARMAGEDDON,2006
1,530,21,KIRSTEN PALTROW,LORD ARIZONA,2006
5,680,21,KIRSTEN PALTROW,PINOCCHIO SIMON,2006
13,686,21,KIRSTEN PALTROW,PLUTO OLEANDER,2006
8,700,21,KIRSTEN PALTROW,PRIX UNDEFEATED,2006
11,702,21,KIRSTEN PALTROW,PULP BEVERLY,2006
15,733,21,KIRSTEN PALTROW,RIVER OUTLAW,2006
6,734,21,KIRSTEN PALTROW,ROAD ROXANNE,2006
14,798,21,KIRSTEN PALTROW,SILVERADO GOLDFINGER,2006
11,804,21,KIRSTEN PALTROW,SLEEPING SUSPECTS,2006
2,887,21,KIRSTEN PALTROW,THIEF PELICAN,2006
14,893,21,KIRSTEN PALTROW,TITANS JERK,2006
13,920,21,KIRSTEN PALTROW,UNBREAKABLE KARATE,2006
12,983,21,KIRSTEN PALTROW,WON DARES,2006
11,9,22,ELVIS MARX,ALABAMA DEVIL,2006
2,23,22,ELVIS MARX,ANACONDA CONFESSIONS,2006
1,56,22,ELVIS MARX,BAREFOOT MANCHURIAN,2006
2,89,22,ELVIS MARX,BORROWERS BEDAZZLED,2006
1,111,22,ELVIS MARX,CADDYSHACK JEDI,2006
7,146,22,ELVIS MARX,CHITTY LOCK,2006
15,291,22,ELVIS MARX,EVOLUTION ALTER,2006
16,294,22,ELVIS MARX,EXPECATIONS NATURAL,2006
2,349,22,ELVIS MARX,GANGS PRIDE,2006
14,369,22,ELVIS MARX,GOODFELLAS SALUTE,2006
7,418,22,ELVIS MARX,HOBBIT ALIEN,2006
2,430,22,ELVIS MARX,HOOK CHARIOTS,2006
10,483,22,ELVIS MARX,JERICHO MULAN,2006
3,491,22,ELVIS MARX,JUMPING WRATH,2006
11,495,22,ELVIS MARX,KENTUCKIAN GIANT,2006
4,536,22,ELVIS MARX,LOVELY JINGLE,2006
11,600,22,ELVIS MARX,MOTIONS DETAILS,2006
8,634,22,ELVIS MARX,ODDS BOOGIE,2006
16,648,22,ELVIS MARX,OUTLAW HANKY,2006
3,688,22,ELVIS MARX,POLISH BROOKLYN,2006
4,731,22,ELVIS MARX,RIGHT CRANES,2006
10,742,22,ELVIS MARX,ROOF CHAMPION,2006
7,775,22,ELVIS MARX,SEATTLE EXPECATIONS,2006
1,802,22,ELVIS MARX,SKY MIRACLE,2006
14,912,22,ELVIS MARX,TROJAN TOMORROW,2006
1,964,22,ELVIS MARX,WATERFRONT DELIVERANCE,2006
9,6,23,SANDRA KILMER,AGENT TRUMAN,2006
15,42,23,SANDRA KILMER,ARTIST COLDBLOODED,2006
2,78,23,SANDRA KILMER,BLACKOUT PRIVATE,2006
1,105,23,SANDRA KILMER,BULL SHAWSHANK,2006
4,116,23,SANDRA KILMER,CANDIDATE PERDITION,2006
10,117,23,SANDRA KILMER,CANDLES GRAPES,2006
16,125,23,SANDRA KILMER,CASSIDY WYOMING,2006
1,212,23,SANDRA KILMER,DARN FORRESTER,2006
13,226,23,SANDRA KILMER,DESTINY SATURDAY,2006
14,235,23,SANDRA KILMER,DIVIDE MONSTER,2006
15,254,23,SANDRA KILMER,DRIVER ANNIE,2006
14,367,23,SANDRA KILMER,GOLDMINE TYCOON,2006
3,370,23,SANDRA KILMER,GORGEOUS BINGO,2006
9,414,23,SANDRA KILMER,HELLFIGHTERS SIERRA,2006
8,419,23,SANDRA KILMER,HOCUS FRIDA,2006
9,435,23,SANDRA KILMER,HOTEL HAPPINESS,2006
14,449,23,SANDRA KILMER,IDENTITY LOVER,2006
3,491,23,SANDRA KILMER,JUMPING WRATH,2006
4,536,23,SANDRA KILMER,LOVELY JINGLE,2006
1,549,23,SANDRA KILMER,MAGNOLIA FORRESTER,2006
12,636,23,SANDRA KILMER,OLEANDER CLUE,2006
2,649,23,SANDRA KILMER,OZ LIAISONS,2006
12,673,23,SANDRA KILMER,PERSONAL LADYBUGS,2006
15,691,23,SANDRA KILMER,POSEIDON FOREVER,2006
7,766,23,SANDRA KILMER,SAVANNAH TOWN,2006
15,782,23,SANDRA KILMER,SHAKESPEARE SADDLE,2006
11,804,23,SANDRA KILMER,SLEEPING SUSPECTS,2006
2,820,23,SANDRA KILMER,SONS INTERVIEW,2006
16,826,23,SANDRA KILMER,SPEED SUIT,2006
3,833,23,SANDRA KILMER,SPLENDOR PATTON,2006
10,842,23,SANDRA KILMER,STATE WASTELAND,2006
3,853,23,SANDRA KILMER,STRANGER STRANGERS,2006
6,855,23,SANDRA KILMER,STREAK RIDGEMONT,2006
11,856,23,SANDRA KILMER,STREETCAR INTENTIONS,2006
13,935,23,SANDRA KILMER,VANISHED GARDEN,2006
16,981,23,SANDRA KILMER,WOLVES DESIRE,2006
12,997,23,SANDRA KILMER,YOUTH KICK,2006
6,3,24,CAMERON STREEP,ADAPTATION HOLES,2006
8,83,24,CAMERON STREEP,BLUES INSTINCT,2006
9,112,24,CAMERON STREEP,CALENDAR GUNFIGHT,2006
1,126,24,CAMERON STREEP,CASUALTIES ENCINO,2006
9,148,24,CAMERON STREEP,CHOCOLATE DUCK,2006
6,164,24,CAMERON STREEP,COAST RAINBOW,2006
5,178,24,CAMERON STREEP,CONNECTION MICROCOSMOS,2006
1,194,24,CAMERON STREEP,CROW GREASE,2006
6,199,24,CAMERON STREEP,CUPBOARD SINNERS,2006
5,242,24,CAMERON STREEP,DOOM DANCING,2006
15,256,24,CAMERON STREEP,DROP WATERFRONT,2006
11,277,24,CAMERON STREEP,ELEPHANT TROJAN,2006
5,335,24,CAMERON STREEP,FREEDOM CLEOPATRA,2006
16,405,24,CAMERON STREEP,HAUNTED ANTITRUST,2006
15,463,24,CAMERON STREEP,INSTINCT AIRPORT,2006
3,515,24,CAMERON STREEP,LEGALLY SECRETARY,2006
7,585,24,CAMERON STREEP,MOB DUFFEL,2006
8,603,24,CAMERON STREEP,MOVIE SHAKESPEARE,2006
11,653,24,CAMERON STREEP,PANIC CLUB,2006
5,704,24,CAMERON STREEP,PURE RUNNER,2006
10,781,24,CAMERON STREEP,SEVEN SWARM,2006
8,829,24,CAMERON STREEP,SPINAL ROCKY,2006
8,832,24,CAMERON STREEP,SPLASH GUMP,2006
7,969,24,CAMERON STREEP,WEST LION,2006
1,21,25,KEVIN BLOOM,AMERICAN CIRCUS,2006
12,86,25,KEVIN BLOOM,BOOGIE AMELIE,2006
14,153,25,KEVIN BLOOM,CITIZEN SHREK,2006
7,179,25,KEVIN BLOOM,CONQUERER NUTS,2006
7,204,25,KEVIN BLOOM,DALMATIONS SWEDEN,2006
8,213,25,KEVIN BLOOM,DATE SPEED,2006
13,226,25,KEVIN BLOOM,DESTINY SATURDAY,2006
2,245,25,KEVIN BLOOM,DOUBLE WRATH,2006
9,311,25,KEVIN BLOOM,FICTION CHRISTMAS,2006
5,404,25,KEVIN BLOOM,HATE HANDICAP,2006
12,411,25,KEVIN BLOOM,HEAVENLY GUN,2006
15,420,25,KEVIN BLOOM,HOLES BRANNIGAN,2006
13,538,25,KEVIN BLOOM,LOVERBOY ATTACKS,2006
2,564,25,KEVIN BLOOM,MASSAGE IMAGE,2006
2,583,25,KEVIN BLOOM,MISSION ZOOLANDER,2006
15,606,25,KEVIN BLOOM,MUMMY CREATURES,2006
3,688,25,KEVIN BLOOM,POLISH BROOKLYN,2006
1,697,25,KEVIN BLOOM,PRIMARY GLASS,2006
3,755,25,KEVIN BLOOM,SABRINA MIDNIGHT,2006
5,871,25,KEVIN BLOOM,SWEDEN SHINING,2006
16,914,25,KEVIN BLOOM,TROUBLE DATE,2006
11,9,26,RIP CRAWFORD,ALABAMA DEVIL,2006
1,21,26,RIP CRAWFORD,AMERICAN CIRCUS,2006
11,34,26,RIP CRAWFORD,ARABIA DOGMA,2006
13,90,26,RIP CRAWFORD,BOULEVARD MOB,2006
13,93,26,RIP CRAWFORD,BRANNIGAN SUNRISE,2006
16,103,26,RIP CRAWFORD,BUCKET BROTHERHOOD,2006
8,147,26,RIP CRAWFORD,CHOCOLAT HARRY,2006
7,186,26,RIP CRAWFORD,CRAFT OUTFIELD,2006
9,201,26,RIP CRAWFORD,CYCLONE FAMILY,2006
7,225,26,RIP CRAWFORD,DESTINATION JERK,2006
2,241,26,RIP CRAWFORD,DONNIE ALLEY,2006
1,327,26,RIP CRAWFORD,FOOL MOCKINGBIRD,2006
1,329,26,RIP CRAWFORD,FORREST SONS,2006
13,340,26,RIP CRAWFORD,FRONTIER CABIN,2006
8,345,26,RIP CRAWFORD,GABLES METROPOLIS,2006
14,390,26,RIP CRAWFORD,GUYS FALCON,2006
3,392,26,RIP CRAWFORD,HALL CASSIDY,2006
5,529,26,RIP CRAWFORD,LONELY ELEPHANT,2006
6,544,26,RIP CRAWFORD,MADISON TRAP,2006
2,564,26,RIP CRAWFORD,MASSAGE IMAGE,2006
13,635,26,RIP CRAWFORD,OKLAHOMA JUMANJI,2006
2,644,26,RIP CRAWFORD,OSCAR GOLD,2006
8,682,26,RIP CRAWFORD,PITTSBURGH HUNCHBACK,2006
3,688,26,RIP CRAWFORD,POLISH BROOKLYN,2006
8,715,26,RIP CRAWFORD,RANGE MOONWALKER,2006
1,732,26,RIP CRAWFORD,RINGS HEARTBREAKERS,2006
7,758,26,RIP CRAWFORD,SAINTS BRIDE,2006
15,764,26,RIP CRAWFORD,SATURDAY LAMBS,2006
8,795,26,RIP CRAWFORD,SIEGE MADRE,2006
9,821,26,RIP CRAWFORD,SORORITY QUEEN,2006
11,885,26,RIP CRAWFORD,TEXAS WATCH,2006
11,904,26,RIP CRAWFORD,TRAIN BUNCH,2006
5,906,26,RIP CRAWFORD,TRAMP OTHERS,2006
1,19,27,JULIA MCQUEEN,AMADEUS HOLY,2006
11,34,27,JULIA MCQUEEN,ARABIA DOGMA,2006
6,85,27,JULIA MCQUEEN,BONNIE HOLOCAUST,2006
6,150,27,JULIA MCQUEEN,CIDER DESIRE,2006
7,172,27,JULIA MCQUEEN,CONEHEADS SMOOCHY,2006
8,273,27,JULIA MCQUEEN,EFFECT GLADIATOR,2006
11,334,27,JULIA MCQUEEN,FREDDY STORM,2006
16,347,27,JULIA MCQUEEN,GAMES BOWFINGER,2006
8,359,27,JULIA MCQUEEN,GLADIATOR WESTWARD,2006
12,398,27,JULIA MCQUEEN,HANOVER GALAXY,2006
11,415,27,JULIA MCQUEEN,HIGH ENCINO,2006
12,462,27,JULIA MCQUEEN,INSIDER ARIZONA,2006
12,477,27,JULIA MCQUEEN,JAWBREAKER BROOKLYN,2006
9,500,27,JULIA MCQUEEN,KISS GLORY,2006
15,503,27,JULIA MCQUEEN,KRAMER CHOCOLATE,2006
12,540,27,JULIA MCQUEEN,LUCKY FLYING,2006
1,586,27,JULIA MCQUEEN,MOCKINGBIRD HOLLYWOOD,2006
11,593,27,JULIA MCQUEEN,MONTEREY LABYRINTH,2006
14,637,27,JULIA MCQUEEN,OPEN AFRICAN,2006
8,679,27,JULIA MCQUEEN,PILOT HOOSIERS,2006
8,682,27,JULIA MCQUEEN,PITTSBURGH HUNCHBACK,2006
8,695,27,JULIA MCQUEEN,PRESIDENT BANG,2006
7,771,27,JULIA MCQUEEN,SCORPION APOLLO,2006
2,805,27,JULIA MCQUEEN,SLEEPLESS MONSOON,2006
11,830,27,JULIA MCQUEEN,SPIRIT FLINTSTONES,2006
11,854,27,JULIA MCQUEEN,STRANGERS GRAFFITI,2006
3,873,27,JULIA MCQUEEN,SWEETHEARTS SUSPECTS,2006
2,880,27,JULIA MCQUEEN,TELEMARK HEARTBREAKERS,2006
3,889,27,JULIA MCQUEEN,TIES HUNGER,2006
11,904,27,JULIA MCQUEEN,TRAIN BUNCH,2006
14,967,27,JULIA MCQUEEN,WEEKEND PERSONAL,2006
2,986,27,JULIA MCQUEEN,WONKA SEA,2006
6,996,27,JULIA MCQUEEN,YOUNG LANGUAGE,2006
4,14,28,WOODY HOFFMAN,ALICE FANTASIA,2006
8,43,28,WOODY HOFFMAN,ATLANTIS CAUSE,2006
6,58,28,WOODY HOFFMAN,BEACH HEARTBREAKERS,2006
12,74,28,WOODY HOFFMAN,BIRCH ANTITRUST,2006
13,96,28,WOODY HOFFMAN,BREAKING HOME,2006
7,107,28,WOODY HOFFMAN,BUNCH MINDS,2006
2,259,28,WOODY HOFFMAN,DUCK RACER,2006
15,263,28,WOODY HOFFMAN,DURHAM PANKY,2006
1,287,28,WOODY HOFFMAN,ENTRAPMENT SATISFACTION,2006
4,358,28,WOODY HOFFMAN,GILMORE BOILED,2006
5,502,28,WOODY HOFFMAN,KNOCK WARLOCK,2006
10,508,28,WOODY HOFFMAN,LAMBS CINCINATTI,2006
15,532,28,WOODY HOFFMAN,LOSER HUSTLER,2006
13,551,28,WOODY HOFFMAN,MAIDEN HOME,2006
1,574,28,WOODY HOFFMAN,MIDNIGHT WESTWARD,2006
10,597,28,WOODY HOFFMAN,MOONWALKER FOOL,2006
15,619,28,WOODY HOFFMAN,NEIGHBORS CHARADE,2006
14,625,28,WOODY HOFFMAN,NONE SPIKING,2006
4,652,28,WOODY HOFFMAN,PAJAMA JAWBREAKER,2006
8,679,28,WOODY HOFFMAN,PILOT HOOSIERS,2006
2,743,28,WOODY HOFFMAN,ROOM ROMAN,2006
7,790,28,WOODY HOFFMAN,SHOOTIST SUPERFLY,2006
1,793,28,WOODY HOFFMAN,SHRUNK DIVINE,2006
2,816,28,WOODY HOFFMAN,SNOWMAN ROLLERCOASTER,2006
7,827,28,WOODY HOFFMAN,SPICE SORORITY,2006
10,835,28,WOODY HOFFMAN,SPY MILE,2006
12,879,28,WOODY HOFFMAN,TELEGRAPH VOYAGE,2006
9,908,28,WOODY HOFFMAN,TRAP GUYS,2006
2,953,28,WOODY HOFFMAN,WAIT CIDER,2006
6,973,28,WOODY HOFFMAN,WIFE TURN,2006
13,994,28,WOODY HOFFMAN,WYOMING STORM,2006
15,10,29,ALEC WAYNE,ALADDIN CALENDAR,2006
7,79,29,ALEC WAYNE,BLADE POLISH,2006
1,105,29,ALEC WAYNE,BULL SHAWSHANK,2006
3,110,29,ALEC WAYNE,CABIN FLASH,2006
4,131,29,ALEC WAYNE,CENTER DINOSAUR,2006
12,133,29,ALEC WAYNE,CHAMBER ITALIAN,2006
7,172,29,ALEC WAYNE,CONEHEADS SMOOCHY,2006
13,226,29,ALEC WAYNE,DESTINY SATURDAY,2006
8,273,29,ALEC WAYNE,EFFECT GLADIATOR,2006
7,282,29,ALEC WAYNE,ENCOUNTERS CURTAIN,2006
14,296,29,ALEC WAYNE,EXPRESS LONELY,2006
9,311,29,ALEC WAYNE,FICTION CHRISTMAS,2006
5,335,29,ALEC WAYNE,FREEDOM CLEOPATRA,2006
16,342,29,ALEC WAYNE,FUGITIVE MAGUIRE,2006
13,436,29,ALEC WAYNE,HOURS RAGE,2006
5,444,29,ALEC WAYNE,HUSTLER PARTY,2006
14,449,29,ALEC WAYNE,IDENTITY LOVER,2006
12,462,29,ALEC WAYNE,INSIDER ARIZONA,2006
4,482,29,ALEC WAYNE,JEOPARDY ENCINO,2006
15,488,29,ALEC WAYNE,JOON NORTHWEST,2006
15,519,29,ALEC WAYNE,LIBERTY MAGNIFICENT,2006
3,547,29,ALEC WAYNE,MAGIC MALLRATS,2006
13,590,29,ALEC WAYNE,MONEY HAROLD,2006
10,646,29,ALEC WAYNE,OUTBREAK DIVINE,2006
14,723,29,ALEC WAYNE,REIGN GENTLEMEN,2006
6,812,29,ALEC WAYNE,SMOKING BARBARELLA,2006
4,862,29,ALEC WAYNE,SUMMER SCARFACE,2006
3,928,29,ALEC WAYNE,UPTOWN YOUNG,2006
7,944,29,ALEC WAYNE,VIRGIN DAISY,2006
6,1,30,SANDRA PECK,ACADEMY DINOSAUR,2006
8,53,30,SANDRA PECK,BANG KWAI,2006
7,64,30,SANDRA PECK,BEETHOVEN EXORCIST,2006
14,69,30,SANDRA PECK,BEVERLY OUTLAW,2006
13,77,30,SANDRA PECK,BIRDS PERDITION,2006
16,87,30,SANDRA PECK,BOONDOCK BALLROOM,2006
15,260,30,SANDRA PECK,DUDE BLINDNESS,2006
8,262,30,SANDRA PECK,DUMBO LUST,2006
16,286,30,SANDRA PECK,ENOUGH RAGING,2006
1,292,30,SANDRA PECK,EXCITEMENT EVE,2006
11,301,30,SANDRA PECK,FAMILY SWEET,2006
1,318,30,SANDRA PECK,FIREHOUSE VIETNAM,2006
13,321,30,SANDRA PECK,FLASH WARS,2006
4,357,30,SANDRA PECK,GILBERT PELICAN,2006
9,565,30,SANDRA PECK,MATRIX SNOWMAN,2006
1,732,30,SANDRA PECK,RINGS HEARTBREAKERS,2006
12,797,30,SANDRA PECK,SILENCE KANE,2006
1,838,30,SANDRA PECK,STAGECOACH ARMAGEDDON,2006
6,945,30,SANDRA PECK,VIRGINIAN PLUTO,2006
16,88,31,SISSY SOBIESKI,BORN SPINAL,2006
7,146,31,SISSY SOBIESKI,CHITTY LOCK,2006
13,163,31,SISSY SOBIESKI,CLYDE THEORY,2006
6,164,31,SISSY SOBIESKI,COAST RAINBOW,2006
5,188,31,SISSY SOBIESKI,CRAZY HOME,2006
16,299,31,SISSY SOBIESKI,FACTORY DRAGON,2006
5,308,31,SISSY SOBIESKI,FERRIS MOTHER,2006
7,368,31,SISSY SOBIESKI,GONE TROUBLE,2006
9,380,31,SISSY SOBIESKI,GREEK EVERYONE,2006
9,431,31,SISSY SOBIESKI,HOOSIERS BIRDCAGE,2006
7,585,31,SISSY SOBIESKI,MOB DUFFEL,2006
14,637,31,SISSY SOBIESKI,OPEN AFRICAN,2006
8,700,31,SISSY SOBIESKI,PRIX UNDEFEATED,2006
7,739,31,SISSY SOBIESKI,ROCKY WAR,2006
1,793,31,SISSY SOBIESKI,SHRUNK DIVINE,2006
1,802,31,SISSY SOBIESKI,SKY MIRACLE,2006
2,880,31,SISSY SOBIESKI,TELEMARK HEARTBREAKERS,2006
5,978,31,SISSY SOBIESKI,WISDOM WORKER,2006
11,65,32,TIM HACKMAN,BEHAVIOR RUNAWAY,2006
16,84,32,TIM HACKMAN,BOILED DARES,2006
16,103,32,TIM HACKMAN,BUCKET BROTHERHOOD,2006
9,112,32,TIM HACKMAN,CALENDAR GUNFIGHT,2006
13,136,32,TIM HACKMAN,CHAPLIN LICENSE,2006
15,197,32,TIM HACKMAN,CRUSADE HONEY,2006
6,199,32,TIM HACKMAN,CUPBOARD SINNERS,2006
6,219,32,TIM HACKMAN,DEEP CRUSADE,2006
8,309,32,TIM HACKMAN,FEUD FROGMEN,2006
14,312,32,TIM HACKMAN,FIDDLER LOST,2006
7,401,32,TIM HACKMAN,HAROLD FRENCH,2006
6,427,32,TIM HACKMAN,HOMEWARD CIDER,2006
9,431,32,TIM HACKMAN,HOOSIERS BIRDCAGE,2006
4,523,32,TIM HACKMAN,LIGHTS DEER,2006
9,567,32,TIM HACKMAN,MEET CHOCOLATE,2006
7,585,32,TIM HACKMAN,MOB DUFFEL,2006
15,606,32,TIM HACKMAN,MUMMY CREATURES,2006
2,651,32,TIM HACKMAN,PACKER MADIGAN,2006
15,667,32,TIM HACKMAN,PEACH INNOCENT,2006
9,669,32,TIM HACKMAN,PEARL DESTINY,2006
4,815,32,TIM HACKMAN,SNATCHERS MONTEZUMA,2006
3,928,32,TIM HACKMAN,UPTOWN YOUNG,2006
12,980,32,TIM HACKMAN,WIZARD COLDBLOODED,2006
1,56,33,MILLA PECK,BAREFOOT MANCHURIAN,2006
9,112,33,MILLA PECK,CALENDAR GUNFIGHT,2006
15,135,33,MILLA PECK,CHANCE RESURRECTION,2006
2,154,33,MILLA PECK,CLASH FREDDY,2006
3,214,33,MILLA PECK,DAUGHTER MADIGAN,2006
1,252,33,MILLA PECK,DREAM PICKUP,2006
13,305,33,MILLA PECK,FATAL HAUNTED,2006
10,306,33,MILLA PECK,FEATHERS METAL,2006
7,473,33,MILLA PECK,JACKET FRISCO,2006
2,489,33,MILLA PECK,JUGGLER HARDLY,2006
1,574,33,MILLA PECK,MIDNIGHT WESTWARD,2006
7,618,33,MILLA PECK,NECKLACE OUTBREAK,2006
15,667,33,MILLA PECK,PEACH INNOCENT,2006
4,694,33,MILLA PECK,PREJUDICE OLEANDER,2006
6,712,33,MILLA PECK,RAIDERS ANTITRUST,2006
3,735,33,MILLA PECK,ROBBERS JOON,2006
11,737,33,MILLA PECK,ROCK INSTINCT,2006
5,754,33,MILLA PECK,RUSHMORE MERMAID,2006
7,775,33,MILLA PECK,SEATTLE EXPECATIONS,2006
16,878,33,MILLA PECK,TEEN APOLLO,2006
11,881,33,MILLA PECK,TEMPLE ATTRACTION,2006
11,965,33,MILLA PECK,WATERSHIP FRONTIER,2006
14,972,33,MILLA PECK,WHISPERER GIANT,2006
3,993,33,MILLA PECK,WRONG BEHAVIOR,2006
8,43,34,AUDREY OLIVIER,ATLANTIS CAUSE,2006
13,90,34,AUDREY OLIVIER,BOULEVARD MOB,2006
5,119,34,AUDREY OLIVIER,CAPER MOTIONS,2006
16,125,34,AUDREY OLIVIER,CASSIDY WYOMING,2006
7,172,34,AUDREY OLIVIER,CONEHEADS SMOOCHY,2006
5,182,34,AUDREY OLIVIER,CONTROL ANTHEM,2006
12,244,34,AUDREY OLIVIER,DORADO NOTTING,2006
6,336,34,AUDREY OLIVIER,FRENCH HOLIDAY,2006
15,389,34,AUDREY OLIVIER,GUNFIGHTER MUSSOLINI,2006
6,393,34,AUDREY OLIVIER,HALLOWEEN NUTS,2006
10,438,34,AUDREY OLIVIER,HUMAN GRAFFITI,2006
9,493,34,AUDREY OLIVIER,KANE EXORCIST,2006
5,502,34,AUDREY OLIVIER,KNOCK WARLOCK,2006
4,525,34,AUDREY OLIVIER,LOATHING LEGALLY,2006
15,668,34,AUDREY OLIVIER,PEAK FOREVER,2006
13,720,34,AUDREY OLIVIER,REDEMPTION COMFORTS,2006
15,779,34,AUDREY OLIVIER,SENSE GREEK,2006
6,788,34,AUDREY OLIVIER,SHIP WONDERLAND,2006
1,794,34,AUDREY OLIVIER,SIDE ARK,2006
15,836,34,AUDREY OLIVIER,SQUAD FISH,2006
13,846,34,AUDREY OLIVIER,STING PERSONAL,2006
3,853,34,AUDREY OLIVIER,STRANGER STRANGERS,2006
9,929,34,AUDREY OLIVIER,USUAL UNTOUCHABLES,2006
4,950,34,AUDREY OLIVIER,VOLUME HOUSE,2006
9,971,34,AUDREY OLIVIER,WHALE BIKINI,2006
15,10,35,JUDY DEAN,ALADDIN CALENDAR,2006
11,35,35,JUDY DEAN,ARACHNOPHOBIA ROLLERCOASTER,2006
9,52,35,JUDY DEAN,BALLROOM MOCKINGBIRD,2006
9,201,35,JUDY DEAN,CYCLONE FAMILY,2006
15,256,35,JUDY DEAN,DROP WATERFRONT,2006
15,389,35,JUDY DEAN,GUNFIGHTER MUSSOLINI,2006
6,589,35,JUDY DEAN,MODERN DORADO,2006
15,612,35,JUDY DEAN,MUSSOLINI SPOILERS,2006
2,615,35,JUDY DEAN,NASH CHOCOLAT,2006
1,707,35,JUDY DEAN,QUEST MUSSOLINI,2006
1,732,35,JUDY DEAN,RINGS HEARTBREAKERS,2006
9,738,35,JUDY DEAN,ROCKETEER MOTHER,2006
1,748,35,JUDY DEAN,RUGRATS SHAKESPEARE,2006
14,817,35,JUDY DEAN,SOLDIERS EVOLUTION,2006
16,914,35,JUDY DEAN,TROUBLE DATE,2006
9,15,36,BURT DUKAKIS,ALIEN CENTER,2006
14,81,36,BURT DUKAKIS,BLINDNESS GUN,2006
11,171,36,BURT DUKAKIS,COMMANDMENTS EXPRESS,2006
8,231,36,BURT DUKAKIS,DINOSAUR SECRETARY,2006
2,245,36,BURT DUKAKIS,DOUBLE WRATH,2006
13,283,36,BURT DUKAKIS,ENDING CROWDS,2006
9,380,36,BURT DUKAKIS,GREEK EVERYONE,2006
10,381,36,BURT DUKAKIS,GRINCH MASSAGE,2006
10,387,36,BURT DUKAKIS,GUN BONNIE,2006
14,390,36,BURT DUKAKIS,GUYS FALCON,2006
5,410,36,BURT DUKAKIS,HEAVEN FREEDOM,2006
12,426,36,BURT DUKAKIS,HOME PITY,2006
6,427,36,BURT DUKAKIS,HOMEWARD CIDER,2006
15,453,36,BURT DUKAKIS,IMAGE PRINCESS,2006
6,466,36,BURT DUKAKIS,INTOLERABLE INTENTIONS,2006
4,484,36,BURT DUKAKIS,JERK PAYCHECK,2006
9,493,36,BURT DUKAKIS,KANE EXORCIST,2006
8,499,36,BURT DUKAKIS,KING EVOLUTION,2006
2,569,36,BURT DUKAKIS,MENAGERIE RUSHMORE,2006
13,590,36,BURT DUKAKIS,MONEY HAROLD,2006
11,600,36,BURT DUKAKIS,MOTIONS DETAILS,2006
14,714,36,BURT DUKAKIS,RANDOM GO,2006
8,715,36,BURT DUKAKIS,RANGE MOONWALKER,2006
11,716,36,BURT DUKAKIS,REAP UNFAITHFUL,2006
4,731,36,BURT DUKAKIS,RIGHT CRANES,2006
15,875,36,BURT DUKAKIS,TALENTED HOMICIDE,2006
1,915,36,BURT DUKAKIS,TRUMAN CRAZY,2006
16,931,36,BURT DUKAKIS,VALENTINE VANISHING,2006
10,956,36,BURT DUKAKIS,WANDA CHAMBER,2006
15,10,37,VAL BOLGER,ALADDIN CALENDAR,2006
12,12,37,VAL BOLGER,ALASKA PHANTOM,2006
1,19,37,VAL BOLGER,AMADEUS HOLY,2006
2,118,37,VAL BOLGER,CANYON STOCK,2006
5,119,37,VAL BOLGER,CAPER MOTIONS,2006
11,122,37,VAL BOLGER,CARRIE BUNCH,2006
7,146,37,VAL BOLGER,CHITTY LOCK,2006
7,204,37,VAL BOLGER,DALMATIONS SWEDEN,2006
1,253,37,VAL BOLGER,DRIFTER COMMANDMENTS,2006
15,260,37,VAL BOLGER,DUDE BLINDNESS,2006
11,277,37,VAL BOLGER,ELEPHANT TROJAN,2006
5,317,37,VAL BOLGER,FIREBALL PHILADELPHIA,2006
9,467,37,VAL BOLGER,INTRIGUE WORST,2006
12,477,37,VAL BOLGER,JAWBREAKER BROOKLYN,2006
3,485,37,VAL BOLGER,JERSEY SASSY,2006
10,508,37,VAL BOLGER,LAMBS CINCINATTI,2006
5,529,37,VAL BOLGER,LONELY ELEPHANT,2006
3,553,37,VAL BOLGER,MAKER GABLES,2006
5,555,37,VAL BOLGER,MALLRATS UNITED,2006
14,572,37,VAL BOLGER,METROPOLIS COMA,2006
3,588,37,VAL BOLGER,MODEL FISH,2006
7,662,37,VAL BOLGER,PATHS CONTROL,2006
4,663,37,VAL BOLGER,PATIENT SISTER,2006
4,694,37,VAL BOLGER,PREJUDICE OLEANDER,2006
1,697,37,VAL BOLGER,PRIMARY GLASS,2006
16,785,37,VAL BOLGER,SHAWSHANK BUBBLE,2006
14,839,37,VAL BOLGER,STALLION SUNDANCE,2006
10,840,37,VAL BOLGER,STAMPEDE DISTURBING,2006
3,853,37,VAL BOLGER,STRANGER STRANGERS,2006
9,900,37,VAL BOLGER,TOWN ARK,2006
6,925,37,VAL BOLGER,UNITED PILOT,2006
2,963,37,VAL BOLGER,WATCH TRACY,2006
6,966,37,VAL BOLGER,WEDDING APOLLO,2006
16,989,37,VAL BOLGER,WORKING MICROCOSMOS,2006
12,997,37,VAL BOLGER,YOUTH KICK,2006
11,24,38,TOM MCKELLEN,ANALYZE HOOSIERS,2006
1,111,38,TOM MCKELLEN,CADDYSHACK JEDI,2006
2,160,38,TOM MCKELLEN,CLUB GRAFFITI,2006
15,176,38,TOM MCKELLEN,CONGENIALITY QUEST,2006
2,223,38,TOM MCKELLEN,DESIRE ALIEN,2006
2,241,38,TOM MCKELLEN,DONNIE ALLEY,2006
6,274,38,TOM MCKELLEN,EGG IGBY,2006
5,335,38,TOM MCKELLEN,FREEDOM CLEOPATRA,2006
14,338,38,TOM MCKELLEN,FRISCO FORREST,2006
9,353,38,TOM MCKELLEN,GENTLEMEN STAGE,2006
13,448,38,TOM MCKELLEN,IDAHO LOVE,2006
3,450,38,TOM MCKELLEN,IDOLS SNATCHERS,2006
8,458,38,TOM MCKELLEN,INDIAN LOVE,2006
1,501,38,TOM MCKELLEN,KISSING DOLLS,2006
12,516,38,TOM MCKELLEN,LEGEND JEDI,2006
3,547,38,TOM MCKELLEN,MAGIC MALLRATS,2006
2,583,38,TOM MCKELLEN,MISSION ZOOLANDER,2006
7,618,38,TOM MCKELLEN,NECKLACE OUTBREAK,2006
15,619,38,TOM MCKELLEN,NEIGHBORS CHARADE,2006
9,705,38,TOM MCKELLEN,PURPLE MOVIE,2006
1,793,38,TOM MCKELLEN,SHRUNK DIVINE,2006
7,827,38,TOM MCKELLEN,SPICE SORORITY,2006
14,839,38,TOM MCKELLEN,STALLION SUNDANCE,2006
3,853,38,TOM MCKELLEN,STRANGER STRANGERS,2006
11,876,38,TOM MCKELLEN,TARZAN VIDEOTAPE,2006
8,71,39,GOLDIE BRODY,BILKO ANONYMOUS,2006
14,73,39,GOLDIE BRODY,BINGO TALENTED,2006
3,168,39,GOLDIE BRODY,COMANCHEROS ENEMY,2006
14,203,39,GOLDIE BRODY,DAISY MENAGERIE,2006
11,222,39,GOLDIE BRODY,DESERT POSEIDON,2006
9,290,39,GOLDIE BRODY,EVERYONE CRAFT,2006
15,293,39,GOLDIE BRODY,EXORCIST STING,2006
